Order,Country,Number of new projects,Newly registered capital (million USD),Adjusted project number,Adjusted capital (million USD),Number of times of capital contribution to buy shares,"Value of capital contribution, share purchase
(million USD)",Year
1,Korea,702,2678.517,260,4048.4,,,2015
2,Malaysia,27,2447.488,15,30.8,,,2015
3,Japan,299,1284.983,157,556.7,,,2015
4,Taiwan,110,940.404,61,457.9,,,2015
5,Samoa,24,1314.037,8,80.6,,,2015
6,United Kingdom,30,1265.681,5,5.1,,,2015
7,Singapore,130,1035.007,62,196.3,,,2015
8,BritishVirginIslands,52,697.815,29,521.4,,,2015
9,Hongkong,89,629.499,46,566.7,,,2015
10,China,169,665.519,31,69.3,,,2015
11,Turkey,2,660.250,,0.0,,,2015
12,Neitherland,24,279.336,12,54.7,,,2015
13,Seychelles,17,273.176,6,16.0,,,2015
14,Thailand,30,111.132,23,151.3,,,2015
15,Cayman Islands,6,246.717,3,11.6,,,2015
16,The United States of America,54,217.934,20,9.8,,,2015
17,Australia,35,47.071,12,154.1,,,2015
18,British West Indies,4,152.000,1,4.0,,,2015
19,Brunei Darussalam,18,100.858,10,50.7,,,2015
20,India,23,138.991,2,0.0,,,2015
21,Switzerland,9,75.206,3,27.0,,,2015
22,France,27,84.070,13,14.0,,,2015
23,Denmark,6,10.970,6,64.9,,,2015
24,Germany,18,46.842,9,27.4,,,2015
25,Sri Lanka,4,59.130,,0.0,,,2015
26,Luxembourg,6,7.229,3,20.3,,,2015
27,Indonesia,5,11.637,2,10.0,,,2015
28,Israel,2,16.350,1,2.0,,,2015
29,Italia,7,11.510,5,3.7,,,2015
30,Federal Republic of Russia,10,12.049,,0.0,,,2015
31,Angola,2,11.680,,0.0,,,2015
32,New Zealand,,,1,11.0,,,2015
33,Republic of Cyprus,,,1,6.4,,,2015
34,Canada,10,6.961,2,-0.9,,,2015
35,Philippines,4,5.450,,0.0,,,2015
36,Marshall Islands,1,5.000,,0.0,,,2015
37,Belize,,,1,5.0,,,2015
38,Ireland,5,4.820,,0.0,,,2015
39,Burkina Faso,1,3.000,,0.0,,,2015
40,Spain,10,2.619,,0.0,,,2015
41,Laos,2,2.500,,0.0,,,2015
42,Belgium,4,1.298,2,1.1,,,2015
43,Nauy,2,0.117,1,2.0,,,2015
44,Austria,3,2.114,,0.0,,,2015
45,Macao,1,2.000,,0.0,,,2015
46,Island of Nevis,1,1.500,,0.0,,,2015
47,United Arab Emirates,3,1.250,,0.0,,,2015
48,Guatemala,1,1.200,,0.0,,,2015
49,Jordan,2,1.050,,0.0,,,2015
50,Saudi Arabia,1,1.000,,0.0,,,2015
51,Ukraina,4,0.700,,0.0,,,2015
52,Mongolia,1,0.500,,0.0,,,2015
53,Sweden,4,0.464,,0.0,,,2015
54,Poland,4,0.415,,0.0,,,2015
55,Nepal,,,1,0.4,,,2015
56,Czech Republic,1,0.375,,0.0,,,2015
57,Hungary,2,0.055,,0.0,,,2015
58,Pakistan,1,0.050,,0.0,,,2015
59,Iran (Islamic Republic of),1,0.030,,0.0,,,2015
60,Poland,1,0.020,,0.0,,,2015
61,Slovenia,1,0.020,,0.0,,,2015
62,Venezuela,1,0.007,,0.0,,,2015
63,Korea,828,5518.61,411,617.79,644,899.90,2016
64,Japan,341,868.09,219,1288.08,276,433.68,2016
65,Singapore,210,1590.50,92,571.39,161,257.20,2016
66,China,278,1263.22,74,441.15,319,170.85,2016
67,Taiwan,122,826.02,94,501.12,193,533.02,2016
68,Hongkong,166,1102.71,58,496.83,25,40.61,2016
69,Malaysia,40,532.85,26,154.89,96,226.29,2016
70,BritishVirginIslands,48,440.38,38,382.54,5,35.32,2016
71,Thailand,35,432.56,17,51.35,60,222.59,2016
72,Cayman Islands,8,633.61,2,11.14,,,2016
73,Samoa,26,376.65,26,151.12,,,2016
74,Australia,42,194.98,11,128.05,62,124.59,2016
75,The United States of America,64,197.20,21,98.68,132,104.52,2016
76,Brunei Darussalam,18,188.15,19,126.05,,,2016
77,Luxembourg,,,6,298.15,2,4.81,2016
78,Seychelles,38,229.53,12,54.33,,,2016
79,United Kingdom,46,164.48,9,33.25,32,22.55,2016
80,France,39,125.91,9,17.13,69,55.28,2016
81,India,19,88.85,4,9.14,42,4.70,2016
82,Neitherland,16,38.37,15,16.17,30,32.11,2016
83,Canada,15,38.54,3,7.66,32,21.53,2016
84,British West Indies,4,61.20,1,2.00,1,0.02,2016
85,Liên bang Nga,16,46.99,,,39,9.78,2016
86,Philippines,2,10.05,1,4.90,12,39.72,2016
87,Switzerland,8,5.60,6,32.76,13,16.04,2016
88,Denmark,8,3.46,4,37.41,17,10.90,2016
89,Bermuda,1,20.55,1,30.00,,,2016
90,Germany,21,15.39,8,20.22,41,9.30,2016
91,Macao,2,3.80,3,38.94,,,2016
92,Marshall Islands,1,40.00,,,,,2016
93,Italia,11,18.21,2,19.10,12,1.29,2016
94,Austria,4,1.57,1,16.00,7,17.00,2016
95,Ukraina,2,0.59,,,9,28.62,2016
96,Poland,3,26.36,,,4,0.17,2016
97,Belize,2,6.50,3,20.00,,,2016
98,Indonesia,8,6.72,3,14.86,14,2.33,2016
99,Pakistan,1,0.03,1,21.00,18,1.00,2016
100,Kazakhstan,,,,,2,21.19,2016
101,New Zealand,1,0.15,4,2.60,11,15.80,2016
102,Spain,6,0.55,2,0.93,7,16.14,2016
103,Belarus,1,16.20,,,2,0.10,2016
104,Cambodia,5,3.50,,,3,12.02,2016
105,Mauritius,1,0.50,4,14.14,,,2016
106,Laos,1,9.00,,,1,4.85,2016
107,Ireland,,,1,12.50,2,0.03,2016
108,Angola,1,6.66,1,5.00,,,2016
109,Panama,1,9.00,1,2.00,,,2016
110,El Salvador,1,10.00,,,,,2016
111,Belgium,7,2.25,,,12,6.88,2016
112,Sri Lanka,1,0.05,1,7.30,2,0.07,2016
113,Czech Republic,,,1,0.40,3,5.69,2016
114,Turkey,2,1.15,1,2.00,2,1.48,2016
115,Portugal,,,,,1,4.00,2016
116,Hungary,,,,,2,3.58,2016
117,Jordan,,,2,3.00,9,0.44,2016
118,Sweden,7,1.68,1,0.59,2,0.17,2016
119,Nigeria,3,0.06,1,0.09,57,1.90,2016
120,Saint Vincent and the Grenadines,,,1,1.95,,,2016
121,Saudi Arabic,3,1.28,,,3,0.21,2016
122,Liechtenstein,1,1.00,,,,,2016
123,Slovenia,,,,,1,0.89,2016
124,Egypt,,,1,0.05,4,0.53,2016
125,Swaziland,,,,,1,0.47,2016
126,Nauy,1,0.02,2,-0.70,2,1.10,2016
127,Poland,1,0.10,1,0.06,2,0.17,2016
128,Israel,4,0.17,,,6,0.15,2016
129,Nepal,,,,,6,0.28,2016
130,Armenia,1,0.01,,,3,0.26,2016
131,Cape Verde,,,,,1,0.22,2016
132,Bangladesh,,,,,4,0.17,2016
133,United Arab Emirates,2,0.15,,,1,0.01,2016
134,Iraq,1,0.04,,,3,0.10,2016
135,Palestine,1,0.09,,,1,0.03,2016
136,Congo,,,,,2,0.11,2016
137,Mali,,,,,3,0.11,2016
138,Lithuania,,,,,3,0.10,2016
139,Sudan,1,0.10,,,,,2016
140,Antigua and Barbuda,1,0.10,,,,,2016
141,Romania,,,,,1,0.08,2016
142,Grece,,,,,1,0.06,2016
143,Iran (Islamic Republic of),1,0.01,,,2,0.04,2016
144,Yemen,1,0.05,,,,,2016
145,Maroc,1,0.05,,,,,2016
146,Colombia,,,,,1,0.04,2016
147,Republic of Cyprus,,,,,2,0.04,2016
148,South Africa,2,0.02,,,1,0.01,2016
149,Bulgaria,1,0.02,,,,,2016
150,Afghanistan,,,,,1,0.02,2016
151,Guinea,,,,,2,0.02,2016
152,Cameroon,,,,,2,0.02,2016
153,Mongolia,,,,,1,0.02,2016
154,Algeria,,,,,1,0.01,2016
155,Sierra Leone,,,,,1,0.01,2016
156,Argentina,1,0.01,,,,,2016
157,Latvia,1,0.01,,,,,2016
158,Japan,367," 7,745.84 ",199, 894.60 , 459 , 471.48 ,2017
159,Korea,861," 3,973.26 ",426," 3,682.13 "," 1,319 ", 838.92 ,2017
160,Singapore,186," 3,771.84 ",70, 843.47 , 322 , 692.56 ,2017
161,China,284," 1,409.72 ",83, 271.56 , 817 , 487.08 ,2017
162,BritishVirginIslands,41, 271.85 ,21, 214.38 , 56 ," 1,165.11 ",2017
163,Hongkong,129, 740.40 ,82, 607.48 , 99 , 138.51 ,2017
164,Taiwan,106, 326.93 ,85, 776.28 , 453 , 356.77 ,2017
165,The United States of America,73, 637.66 ,17, 155.50 , 158 , 75.60 ,2017
166,Neitherland,36, 307.48 ,15, 29.88 , 35 , 416.95 ,2017
167,Thailand,47, 299.63 ,18, 87.76 , 98 , 325.50 ,2017
168,Samoa,38, 214.59 ,16, 185.81 , 20 , 66.44 ,2017
169,Cayman Islands,8, 16.47 ,5, 252.27 , 17 , 129.27 ,2017
170,Germany,33, 338.04 ,18, 64.14 , 43 , 11.82 ,2017
171,Oman,3, 327.03 ,,,,,2017
172,Malaysia,28, 122.77 ,17, 37.33 , 138 , 131.18 ,2017
173,United Kingdom,38, 206.00 ,7, 17.97 , 41 , 15.18 ,2017
174,India,44, 151.38 ,7, 6.23 , 113 , 29.88 ,2017
175,Seychelles,27, 72.60 ,12, 43.39 , 19 , 48.69 ,2017
176,Australia,33, 89.06 ,12, (27.47), 121 , 97.56 ,2017
177,France,44, 63.62 ,13, 14.00 , 102 , 28.55 ,2017
178,Marshall Islands,,,2, 1.35 , 3 , 98.56 ,2017
179,Denmark,5, 15.83 ,6, 47.92 , 17 , 5.83 ,2017
180,Belgium,3, 0.45 ,2, 2.92 , 17 , 52.24 ,2017
181,Brunei Darussalam,2, 5.02 ,9, 26.42 , 6 , 15.49 ,2017
182,Indonesia,14, 17.99 ,5, 21.75 , 18 , 6.11 ,2017
183,Canada,7, 6.59 ,3, 4.15 , 37 , 34.54 ,2017
184,Switzerland,6, 30.72 ,5, 11.81 , 13 , 2.13 ,2017
185,Liên bang Nga,10, 1.75 ,2, 1.66 , 57 , 40.00 ,2017
186,Belize,4, 22.03 ,2, 11.50 , 2 , 3.01 ,2017
187,Poland,1, 0.10 ,2, 32.20 , 5 , 4.07 ,2017
188,Angola,,,2, 33.14 , 1 , 0.13 ,2017
189,Philippines,2, 0.05 ,1, 4.00 , 20 , 25.98 ,2017
190,Anguilla,3, 4.05 ,,, 5 , 25.95 ,2017
191,Israel,4, 1.12 ,3, 20.02 , 8 , 0.86 ,2017
192,British West Indies,1, 20.00 ,1, 1.80 ,,,2017
193,Italia,7, 0.40 ,2, 13.50 , 24 , 5.98 ,2017
194,Mauritius,1, 0.02 ,3, 11.93 , 2 , 7.15 ,2017
195,Luxembourg,3, 3.80 ,3, 2.80 , 5 , 12.22 ,2017
196,Slovakia,2, 11.00 ,,, 3 , 5.12 ,2017
197,Hungary,3, 13.22 ,,, 3 , 1.13 ,2017
198,Bermuda,1, 2.00 ,1, 9.00 ,,,2017
199,Saint Vincent and the Grenadines,,,1, 10.10 ,,,2017
200,Macao,1, 0.03 ,1, 9.00 , 1 , 0.02 ,2017
201,Spain,10, 6.51 ,,, 7 , 0.11 ,2017
202,Cambodia,1, 1.50 ,1, 1.60 , 5 , 3.34 ,2017
203,Turkey,4, 4.33 ,,, 7 , 1.84 ,2017
204,Sweden,4, 5.50 ,1, 0.03 , 17 , 0.41 ,2017
205,Nauy,3, 0.49 ,,, 13 , 3.80 ,2017
206,New Zealand,1, 0.01 ,1, 0.50 , 8 , 3.00 ,2017
207,Nigeria,3, 0.53 ,,, 81 , 2.93 ,2017
208,Pakistan,15, 0.79 ,,, 41 , 2.46 ,2017
209,Poland,2, 1.65 ,1, 0.20 , 4 , 0.94 ,2017
210,Argentina,1, 0.00 ,,, 1 , 2.37 ,2017
211,United States Virgin Islands,1, 0.50 ,,, 1 , 1.78 ,2017
212,Sri Lanka,1, 1.00 ,1, 0.20 , 10 , 0.79 ,2017
213,Egypt,,,1, 0.70 , 7 , 1.09 ,2017
214,Czech Republic,2, 0.12 ,,, 5 , 1.57 ,2017
215,Austria,3, 0.26 ,1, 0.79 , 4 , 0.27 ,2017
216,South Africa,2, 1.02 ,,, 5 , 0.12 ,2017
217,Ghana,2, 1.02 ,,, 2 , 0.05 ,2017
218,Kuwait,1, 1.00 ,,,, -   ,2017
219,Congo,,,,, 3 , 0.91 ,2017
220,Ukraina,2, 0.56 ,,, 8 , 0.27 ,2017
221,Panama,1, 0.30 ,,, 1 , 0.48 ,2017
222,Colombia,,,,, 1 , 0.64 ,2017
223,Kazakhstan,1, 0.44 ,,, 2 , 0.18 ,2017
224,Bangladesh,2, 0.09 ,,, 13 , 0.46 ,2017
225,Guinea,,,,, 5 , 0.50 ,2017
226,Laos,,,,, 1 , 0.42 ,2017
227,Afghanistan,1, 0.30 ,,, 2 , 0.11 ,2017
228,Grenada,1, 0.40 ,,,,,2017
229,Nepal,2, 0.08 ,,, 8 , 0.30 ,2017
230,United Arab Emirates,1, 0.02 ,1, 0.35 ,,,2017
231,Iraq,,,,, 3 , 0.36 ,2017
232,Ireland,1, 0.10 ,,, 3 , 0.24 ,2017
233,Sudan,2, 0.21 ,,, 1 , 0.10 ,2017
234,Saudi Arabia,,,,, 4 , 0.30 ,2017
235,Lebanon,1, 0.10 ,,, 1 , 0.16 ,2017
236,Barbados,1, 0.25 ,,,,,2017
237,Iran (Islamic Republic of),,,,, 4 , 0.23 ,2017
238,Jordan,,,,, 5 , 0.22 ,2017
239,Portugal,2, 0.11 ,,, 2 , 0.10 ,2017
240,Malawi,,,,, 1 , 0.20 ,2017
241,Bulgaria,,,,, 2 , 0.18 ,2017
242,Slovenia,,,,, 1 , 0.14 ,2017
243,Mongolia,1, 0.10 ,,, 1 , 0.03 ,2017
244,Cu Ba,1, 0.10 ,,, 1 , 0.02 ,2017
245,Latvia,,,,, 2 , 0.12 ,2017
246,North Korea,,,,, 2 , 0.11 ,2017
247,Uganda,1, 0.04 ,,, 1 , 0.07 ,2017
248,Grece,,,,, 3 , 0.08 ,2017
249,Turkmenistan,1, 0.07 ,,,,,2017
250,Romania,,,,, 2 , 0.07 ,2017
251,Brazil,,,,, 2 , 0.06 ,2017
252,Armenia,,,,, 1 , 0.06 ,2017
253,Saint Kitts and Nevis,,,,, 1 , 0.04 ,2017
254,Azerbaijan,,,,, 1 , 0.04 ,2017
255,Saudi Arabic,,,,, 1 , 0.04 ,2017
256,Niger,,,,, 1 , 0.04 ,2017
257,Yemen,,,,, 1 , 0.04 ,2017
258,Cameroon,1, 0.01 ,,, 1 , 0.02 ,2017
259,Senegal,,,,, 2 , 0.02 ,2017
260,Costa Rica,1, 0.02 ,,,,,2017
261,Morocco,,,,, 1 , 0.02 ,2017
262,Syrian Arab Republic,,,,, 2 , 0.02 ,2017
263,Chile,1, 0.02 ,,,,,2017
264,Mali,,,,, 3 , 0.01 ,2017
265,Libya,,,,, 1 , 0.01 ,2017
266,Moldova,,,,, 1 , 0.01 ,2017
267,Iceland,,,,, 1 , 0.01 ,2017
268,Ethiopia,1, 0.01 ,,,,,2017
269,Tanzania,,,,, 2 , 0.01 ,2017
270,Myanmar ,,,,, 1 , 0.01 ,2017
271,Serbia,1, 0.005 ,,,,,2017
272,Republic of Cyprus,2, 4.02 ,1, (21.20), 1 , 1.22 ,2017
273,Japan,429," 6,592.14 ",201," 1,397.16 ", 585 , 609.65 ,2018
274,Korea,1043," 3,657.58 ",403," 2,270.94 "," 1,899 "," 1,283.57 ",2018
275,Singapore,226," 1,423.56 ",69," 1,846.28 ", 464 ," 1,801.18 ",2018
276,Hongkong,159," 1,128.86 ",83, 808.09 , 127 ," 1,294.66 ",2018
277,China,389," 1,217.13 ",90, 445.43 ," 1,029 ", 802.33 ,2018
278,BritishVirginIslands,42, 293.93 ,28, 240.73 , 81 ," 1,331.61 ",2018
279,Taiwan,133, 486.34 ,71, 193.23 , 506 , 394.58 ,2018
280,Thailand,40, 898.63 ,22, (311.46), 108 , 175.28 ,2018
281,Australia,43, 33.40 ,9, 2.82 , 137 , 572.85 ,2018
282,France,41, 523.60 ,12, 14.88 , 98 , 48.86 ,2018
283,The United States of America,84, 164.21 ,29, 42.67 , 260 , 343.60 ,2018
284,Malaysia,41, 254.76 ,13, 27.47 , 167 , 153.31 ,2018
285,Germany,29, 139.35 ,16, 115.76 , 63 , 142.46 ,2018
286,Neitherland,17, 220.29 ,16, 42.45 , 41 , 124.30 ,2018
287,Samoa,37, 167.08 ,21, 75.56 , 43 , 93.38 ,2018
288,Cayman Islands,5, 28.33 ,8, 87.58 , 24 , 127.03 ,2018
289,United Kingdom,45, 58.61 ,15, 161.33 , 74 , 14.40 ,2018
290,Seychelles,23, 115.71 ,13, 39.25 , 27 , 52.24 ,2018
291,India,40, 111.88 ,2, 5.00 , 92 , 51.36 ,2018
292,Belgium,7, 126.43 ,1, 0.41 , 14 , 2.55 ,2018
293,Indonesia,8, 79.64 ,3, 14.65 , 16 , 8.13 ,2018
294,Canada,14, 4.27 ,3, 0.41 , 58 , 81.11 ,2018
295,Switzerland,11, 5.94 ,2, 32.50 , 16 , 47.11 ,2018
296,Macao,3, 83.10 ,,, 1 , 0.71 ,2018
297,Cambodia,1, 0.08 ,1, (0.22), 6 , 82.29 ,2018
298,Nauy,4, 70.08 ,1, 2.00 , 10 , 2.16 ,2018
299,Philippines,8, 2.54 ,1, 0.03 , 17 , 50.27 ,2018
300,Liên bang Nga,8, 1.09 ,1, 0.13 , 40 , 41.42 ,2018
301,Bermuda,2, 31.50 ,1, 8.00 ,,,2018
302,Anguilla,3, 15.00 ,,, 3 , 15.24 ,2018
303,Nigeria,4, 0.29 ,,, 84 , 27.14 ,2018
304,Luxembourg,3, 0.58 ,4, 2.84 , 10 , 15.76 ,2018
305,Spain,5, 1.35 ,4, 1.59 , 15 , 14.06 ,2018
306,Brunei Darussalam,1, 0.20 ,7, (2.81), 5 , 19.22 ,2018
307,Mauritius,1, 15.20 ,,, 1 , 0.67 ,2018
308,Republic of Cyprus,2, 0.57 ,2, 11.04 , 2 , 0.99 ,2018
309,El Salvador,1, 2.50 ,1, 10.00 ,,,2018
310,British West Indies,1, 3.30 ,2, 5.80 , 1 , 1.16 ,2018
311,Pakistan,18, 1.23 ,1, 0.02 , 72 , 6.81 ,2018
312,Belize,,,,, 6 , 7.94 ,2018
313,Marshall Islands,,,,, 2 , 7.92 ,2018
314,New Zealand,4, 4.90 ,1, 1.19 , 10 , 1.42 ,2018
315,Sweden,8, 2.35 ,3, 1.35 , 17 , 2.22 ,2018
316,Austria,1, 0.05 ,3, 4.85 , 1 , 0.01 ,2018
317,Italia,7, 1.89 ,1, 0.44 , 20 , 2.45 ,2018
318,Israel,1, 0.02 ,,, 6 , 4.67 ,2018
319,United Arab Emirates,4, 3.11 ,,, 1 , 1.26 ,2018
320,Argentina,,,,, 1 , 3.48 ,2018
321,Czech Republic,4, 0.09 ,,, 11 , 2.29 ,2018
322,Poland,1, 0.02 ,,, 7 , 2.05 ,2018
323,Turkey,1, 0.20 ,,, 11 , 1.85 ,2018
324,Angola,,,1, 2.00 ,,,2018
325,Kazakhstan,,,,, 8 , 1.98 ,2018
326,United States Virgin Islands,,,,, 4 , 1.80 ,2018
327,Bulgaria,1, 0.20 ,,, 3 , 1.29 ,2018
328,Slovakia,1, 0.00 ,,, 2 , 1.21 ,2018
329,Panama,1, 0.05 ,,, 2 , 1.12 ,2018
330,Bangladesh,6, 0.25 ,,, 22 , 0.89 ,2018
331,Malawi,,,,, 1 , 1.12 ,2018
332,Laos,,,,, 2 , 1.02 ,2018
333,Guinea Bissau,,,,, 3 , 1.01 ,2018
334,Mali,2, 0.32 ,,, 13 , 0.52 ,2018
335,Dominica,,,,, 1 , 0.78 ,2018
336,Saint Kitts and Nevis,1, 0.20 ,,, 2 , 0.52 ,2018
337,Jordan,,,,, 2 , 0.71 ,2018
338,Somali,,,,, 2 , 0.59 ,2018
339,Sudan,,,,, 8 , 0.57 ,2018
340,Ireland,2, 0.25 ,,, 10 , 0.27 ,2018
341,Venezuela,1, 0.50 ,,,,,2018
342,Sri Lanka,2, 0.19 ,2, 0.01 , 8 , 0.30 ,2018
343,Egypt,2, 0.03 ,,, 8 , 0.46 ,2018
344,Yemen,1, 0.02 ,,, 6 , 0.37 ,2018
345,Burkina Faso,,,,, 7 , 0.38 ,2018
346,Trinidad and Tobago,,,,, 2 , 0.35 ,2018
347,Lithuania,1, 0.27 ,,,,,2018
348,South Africa,3, 0.05 ,,, 4 , 0.21 ,2018
349,Poland,3, 0.14 ,,, 4 , 0.11 ,2018
350,Afghanistan,1, 0.09 ,,, 4 , 0.15 ,2018
351,Grece,2, 0.05 ,,, 3 , 0.19 ,2018
352,Ukraina,,,,, 5 , 0.23 ,2018
353,Guinea,,,,, 6 , 0.21 ,2018
354,Tonga,,,,, 1 , 0.18 ,2018
355,Niger,,,,, 1 , 0.17 ,2018
356,Nepal,,,,, 9 , 0.17 ,2018
357,Saudi Arabic,1, 0.03 ,,, 3 , 0.13 ,2018
358,Saint Vincent and the Grenadines,,,,, 1 , 0.15 ,2018
359,Gambia,,,,, 1 , 0.15 ,2018
360,Iraq,1, 0.05 ,,, 5 , 0.09 ,2018
361,Antigua and Barbuda,1, 0.02 ,,, 1 , 0.09 ,2018
362,Myanmar,,,,, 1 , 0.10 ,2018
363,British Isles,1, 0.10 ,,,,,2018
364,North Korea,,,,, 1 , 0.09 ,2018
365,Latvia,1, 0.08 ,,, 1 , 0.01 ,2018
366,Turkmenistan,,,,, 4 , 0.08 ,2018
367,Iceland,,,,, 2 , 0.07 ,2018
368,Liberia,,,,, 2 , 0.07 ,2018
369,Algeria,1, 0.05 ,,,,,2018
370,Ethiopia,,,,, 1 , 0.04 ,2018
371,Uganda,1, 0.00 ,,, 2 , 0.03 ,2018
372,Ghana,,,,, 1 , 0.02 ,2018
373,Kuwait,1, 0.00 ,,, 1 , 0.02 ,2018
374,Romania,,,,, 2 , 0.02 ,2018
375,Portugal,,,,, 1 , 0.01 ,2018
376,Liechtenstein,1, 0.01 ,,,,,2018
377,Mexico,1, 0.01 ,,,,,2018
378,Iran (Islamic Republic of),,,,, 1 , 0.01 ,2018
379,Rumani,,,,, 1 , 0.01 ,2018
380,Colombia,,,,, 1 , 0.00 ,2018
381,Serbia,,,,, 2 , 0.00 ,2018
382,Dominican Republic,,,,, 1 , 0.00 ,2018
383,Haiti,,,,, 1 , 0.00 ,2018
384,Denmark,4, 0.33 ,2, (4.73), 17 , 1.70 ,2018
385,Korea,1137," 3,668.76   ",457," 1,580.26   "," 2,959 "," 2,667.98   ",2019
386,Hongkong,328," 2,811.88   ",100, 606.16   , 191 ," 4,450.58   ",2019
387,Singapore,296," 2,100.94   ",90,-290.50   , 658 ," 2,691.28   ",2019
388,Japan,435," 1,820.69   ",220," 1,070.79   ", 787 ," 1,246.12   ",2019
389,China,683," 2,373.37   ",145, 650.36   ," 1,925 "," 1,039.21   ",2019
390,Taiwan,152, 860.62   ,90, 304.81   , 733 , 676.86   ,2019
391,BritishVirginIslands,45, 500.42   ,34, 321.08   , 79 , 550.54   ,2019
392,Samoa,55, 543.09   ,29, 243.69   , 31 , 99.89   ,2019
393,Thailand,46, 562.35   ,18, 85.14   , 143 , 220.73   ,2019
394,Neitherland,29, 390.85   ,17, 262.48   , 57 , 174.45   ,2019
395,Cayman Islands,8, 21.60   ,6, 99.56   , 31 , 387.06   ,2019
396,The United States of America,105, 163.03   ,30, 182.33   , 328 , 115.10   ,2019
397,United Kingdom,36, 149.28   ,14, 73.30   , 95 , 80.68   ,2019
398,Seychelles,34, 163.33   ,9, 30.33   , 27 , 73.40   ,2019
399,Australia,51, 42.81   ,12, 75.19   , 191 , 108.47   ,2019
400,Malaysia,36, 23.62   ,17, 123.78   , 203 , 68.72   ,2019
401,France,44, 37.13   ,12, 28.84   , 187 , 112.76   ,2019
402,Canada,28, 31.28   ,5, 1.36   , 107 , 145.86   ,2019
403,Germany,34, 39.11   ,10, 50.13   , 79 , 48.44   ,2019
404,New Zealand,8, 117.80   ,1, 0.19   , 21 , 17.10   ,2019
405,Sweden,15, 28.62   ,5, 4.15   , 15 , 90.12   ,2019
406,Switzerland,20, 11.06   ,5, 52.29   , 26 , 47.03   ,2019
407,Anguilla,8, 40.26   ,3, 17.50   , 4 , 13.19   ,2019
408,Brunei Darussalam,1, 1.10   ,6, 53.59   , 6 , 14.92   ,2019
409,Luxembourg,5, 45.62   ,1, 0.34   , 6 , 10.85   ,2019
410,Philippines,3, 0.05   ,,, 36 , 51.92   ,2019
411,India,53, 23.10   ,9, 15.80   , 134 , 11.06   ,2019
412,Indonesia,19, 12.76   ,4, 17.32   , 25 , 14.00   ,2019
413,Qatar,,,,, 3 , 42.79   ,2019
414,Bermuda,,,1, 42.45   ,,,2019
415,Spain,7, 8.28   ,8, 9.74   , 24 , 22.19   ,2019
416,Liên bang Nga,13, 3.31   ,,, 92 , 31.98   ,2019
417,Nauy,4, 0.12   ,1, 28.00   , 13 , 4.35   ,2019
418,British West Indies,3, 31.00   ,,, 1 , 0.23   ,2019
419,Poland,5, 26.75   ,,, 16 , 1.71   ,2019
420,Denmark,11, 3.63   ,2, 10.11   , 19 , 10.82   ,2019
421,Ireland,4, 21.08   ,,, 14 , 0.42   ,2019
422,Pakistan,10, 0.43   ,3, 4.14   , 74 , 11.58   ,2019
423,Israel,5, 10.39   ,1, 0.20   , 14 , 5.45   ,2019
424,Czech Republic,1, 0.22   ,1, 0.42   , 10 , 15.33   ,2019
425,Mauritius,1, 0.01   ,3, 13.50   , 3 , 1.51   ,2019
426,Lithuania,3, 6.20   ,1, 7.75   , 3 , 1.06   ,2019
427,Macao,1, 15.00   ,,, 1 , 0.00   ,2019
428,Italia,16, 3.80   ,2, 5.16   , 43 , 4.22   ,2019
429,Sri Lanka,4, 0.24   ,4, 9.70   , 12 , 0.71   ,2019
430,Slovakia,2, 0.01   ,,, 3 , 10.05   ,2019
431,Belize,2, 7.08   ,,, 3 , 2.58   ,2019
432,United States Virgin Islands,,,1, 1.34   , 1 , 8.17   ,2019
433,Afghanistan,1, 0.04   ,,, 33 , 9.31   ,2019
434,Marshall Islands,,,,, 3 , 7.50   ,2019
435,Litva,1, 6.78   ,,,,,2019
436,Panama,1, 0.01   ,1, 6.00   , 1 , 0.46   ,2019
437,Ukraina,2, 0.10   ,,, 23 , 6.22   ,2019
438,Republic of Cyprus,3, 0.35   ,2, 3.21   , 2 , 2.52   ,2019
439,Belgium,5, 5.07   ,,, 16 , 0.98   ,2019
440,Cambodia,4, 1.25   ,,, 10 , 4.41   ,2019
441,Oman,,,,, 1 , 5.11   ,2019
442,Turkey,3, 0.13   ,,, 25 , 4.64   ,2019
443,United Arab Emirates,3, 2.90   ,,, 4 , 1.53   ,2019
444,Nigeria,5, 0.37   ,,, 87 , 3.92   ,2019
445,Bangladesh,4, 0.11   ,,, 26 , 2.64   ,2019
446,Austria,2, 1.37   ,,, 6 , 1.36   ,2019
447,Kazakhstan,1, 0.05   ,,, 10 , 2.23   ,2019
448,Democratic Republic of the Congo,,,,, 1 , 2.20   ,2019
449,Ukraine,,,,, 4 , 1.72   ,2019
450,Latvia,1, 0.09   ,,, 6 , 1.44   ,2019
451,Hungary,,,,, 4 , 1.43   ,2019
452,Saint Vincent and the Grenadines,1, 1.30   ,,,,,2019
453,Bulgaria,1, 1.07   ,,, 2 , 0.04   ,2019
454,Armenia,,,,, 2 , 1.00   ,2019
455,Poland,4, 0.67   ,,, 6 , 0.22   ,2019
456,Nepal,2, 0.24   ,,, 14 , 0.56   ,2019
457,Ethiopia,,,,, 2 , 0.78   ,2019
458,Saudi Arabic,,,,, 7 , 0.63   ,2019
459,Saint Kitts and Nevis,,,,, 2 , 0.58   ,2019
460,Egypt,6, 0.20   ,,, 14 , 0.38   ,2019
461,Bahamas,4, 0.48   ,,,,,2019
462,Grece,,,,, 8 , 0.37   ,2019
463,Isle of Man,,,,, 1 , 0.30   ,2019
464,Chile,1, 0.25   ,,, 1 , 0.04   ,2019
465,Iraq,,,,, 6 , 0.28   ,2019
466,Yemen,1, 0.01   ,,, 9 , 0.26   ,2019
467,Burkina Faso,,,,, 4 , 0.26   ,2019
468,Jordan,1, 0.01   ,,, 5 , 0.25   ,2019
469,South Africa,3, 0.09   ,,, 5 , 0.16   ,2019
470,Laos,1, 0.10   ,,, 4 , 0.14   ,2019
471,Island of Nevis,,,,, 1 , 0.21   ,2019
472,Palestine,,,,, 3 , 0.18   ,2019
473,Sudan,,,,, 3 , 0.18   ,2019
474,Iran (Islamic Republic of),1, 0.01   ,,, 3 , 0.15   ,2019
475,Mali,,,,, 3 , 0.13   ,2019
476,Andorra,,,,, 1 , 0.13   ,2019
477,Myanmar,,,,, 1 , 0.13   ,2019
478,Albania,,,,, 2 , 0.12   ,2019
479,Antigua and Barbuda,,,1, 0.05   , 1 , 0.07   ,2019
480,Mexico,2, 0.11   ,,, 1 , 0.00   ,2019
481,Libya,2, 0.12   ,,,,,2019
482,Brazil,1, 0.01   ,,, 3 , 0.11   ,2019
483,Kenya,,,,, 1 , 0.10   ,2019
484,Honduras,1, 0.10   ,,,,,2019
485,Syrian Arab Republic,2, 0.08   ,,,,,2019
486,Guinea Bissau,,,,, 1 , 0.08   ,2019
487,Belarus,2, 0.05   ,,, 1 , 0.02   ,2019
488,Djibouti,1, 0.02   ,,, 2 , 0.04   ,2019
489,Mongolia,,,,, 2 , 0.06   ,2019
490,Vanuatu,,,,, 2 , 0.06   ,2019
491,Rumani,,,,, 6 , 0.04   ,2019
492,Dominica,,,,, 1 , 0.04   ,2019
493,Somali,,,,, 1 , 0.04   ,2019
494,Iceland,1, 0.02   ,,, 1 , 0.02   ,2019
495,Malawi,,,,, 1 , 0.04   ,2019
496,Tuvalu,,,,, 1 , 0.03   ,2019
497,Venezuela,,,,, 1 , 0.03   ,2019
498,Liberia,,,,, 1 , 0.02   ,2019
499,Trinidad and Tobago,,,,, 1 , 0.02   ,2019
500,Algeria,,,,, 1 , 0.02   ,2019
501,British Isles,,,,, 1 , 0.02   ,2019
502,Kyrgyzstan,,,,, 1 , 0.02   ,2019
503,Portugal,,,,, 2 , 0.02   ,2019
504,Cameroon,2, 0.01   ,,,,,2019
505,Costa Rica,1, 0.01   ,,,,,2019
506,Lebanon,,,,, 2 , 0.007   ,2019
507,Mozambique,,,,, 1 , 0.01   ,2019
508,Colombia,,,,, 1 , 0.004   ,2019
509,Ghana,,,,, 1 , 0.004   ,2019
510,Singapore, 248 ," 6,157.24 ", 89 , 671.19 , 529 ," 2,165.69 ",2020
511,Korea, 609 ," 1,205.80 ", 354 ," 1,740.13 "," 1,823 "," 1,003.18 ",2020
512,China, 342 ," 1,582.05 ", 134 , 487.56 , 804 , 389.82 ,2020
513,Japan, 272 , 786.03 , 155 , 432.96 , 523 ," 1,148.99 ",2020
514,Taiwan, 131 ," 1,505.74 ", 78 , 200.80 , 433 , 351.86 ,2020
515,Hongkong, 211 ," 1,271.02 ", 102 , 466.33 , 126 , 262.22 ,2020
516,Thailand, 40 , 292.36 , 23 ," 1,357.34 ", 100 , 135.79 ,2020
517,BritishVirginIslands, 30 , 310.82 , 25 , 206.50 , 38 , 385.61 ,2020
518,Neitherland, 36 , 293.67 , 16 , 158.00 , 42 , 444.86 ,2020
519,Cayman Islands, 3 , 100.20 , 1 , 2.00 , 33 , 286.07 ,2020
520,The United States of America, 95 , 180.45 , 16 , 40.61 , 262 , 139.17 ,2020
521,Philippines, 7 , 295.36 , -   , -   , 35 , 12.31 ,2020
522,Seychelles, 36 , 134.68 , 12 , 22.45 , 19 , 101.52 ,2020
523,United Kingdom, 42 , 15.70 , 15 , 129.09 , 81 , 104.65 ,2020
524,Samoa, 31 , 134.03 , 20 , 88.36 , 16 , 19.79 ,2020
525,Malaysia, 33 , 61.44 , 12 , 94.25 , 121 , 39.33 ,2020
526,Germany, 29 , 74.55 , 10 , 30.22 , 67 , 41.29 ,2020
527,France, 52 , 43.86 , 11 , 17.41 , 175 , 73.11 ,2020
528,Switzerland, 11 , 20.09 , 9 , 44.71 , 30 , 37.42 ,2020
529,Poland, 3 , 1.52 , 4 , 90.10 , 9 , 2.53 ,2020
530,Australia, 41 , 5.52 , 2 , 1.68 , 131 , 64.06 ,2020
531,Canada, 22 , 4.32 , 6 , 5.86 , 78 , 57.28 ,2020
532,Luxembourg, 1 , 1.50 , 2 , 38.26 , 12 , 9.57 ,2020
533,Kenya, 1 , 40.77 , -   , -   , 2 , 8.06 ,2020
534,Belize, 4 , 13.90 , 3 , 3.47 , 4 , 19.16 ,2020
535,India, 47 , 15.93 , 5 , 1.07 , 110 , 13.77 ,2020
536,Anguilla, 3 , 4.80 , 4 , 16.17 , 1 , 9.74 ,2020
537,Indonesia, 10 , 15.51 , 3 , 3.40 , 14 , 10.05 ,2020
538,British West Indies, 1 , 11.57 , 4 , 16.60 , -   , -   ,2020
539,United Arab Emirates, 5 , 17.40 , 1 , (0.06), 2 , 6.83 ,2020
540,Afghanistan, 1 , 0.06 , 1 , 0.00 , 36 , 22.97 ,2020
541,Cambodia, 5 , 6.85 , -   , -   , 8 , 16.14 ,2020
542,Iceland, 2 , 8.30 , 1 , 12.00 , -   , -   ,2020
543,Marshall Islands, 2 , 10.50 , 1 , 0.47 , 2 , 6.24 ,2020
544,Spain, 7 , 1.09 , 2 , 10.12 , 9 , 0.38 ,2020
545,Denmark, 5 , 1.85 , 2 , 8.50 , 12 , 1.18 ,2020
546,Israel, 5 , 0.04 , 2 , 3.25 , 19 , 5.66 ,2020
547,Mauritius, 2 , 1.66 , 1 , 7.00 , 1 , 0.05 ,2020
548,Liên bang Nga, 9 , 0.59 , 1 , 0.10 , 83 , 8.02 ,2020
549,Panama, 1 , 7.00 , 1 , 0.70 , 1 , 0.90 ,2020
550,Pakistan, 1 , 0.01 , 1 , 0.15 , 24 , 8.14 ,2020
551,Ukraina, 2 , 0.09 , -   , -   , 16 , 8.05 ,2020
552,Sweden, 5 , 0.79 , 1 , 1.77 , 17 , 4.47 ,2020
553,Nigeria, 1 , 0.04 , 2 , 0.05 , 61 , 6.91 ,2020
554,Italia, 11 , 2.95 , 1 , 0.51 , 23 , 3.28 ,2020
555,Belgium, 8 , 3.69 , -   , -   , 15 , 0.62 ,2020
556,Ireland, 3 , 0.07 , -   , -   , 9 , 3.99 ,2020
557,Republic of Cyprus, 4 , 0.10 , -   , -   , 5 , 3.01 ,2020
558,Macao, 1 , 0.05 , 3 , 2.92 , 2 , 0.10 ,2020
559,South Africa, 3 , 0.10 , -   , -   , 9 , 2.50 ,2020
560,Portugal, -   , -   , -   , -   , 5 , 2.44 ,2020
561,Brazil, -   , -   , -   , -   , 8 , 2.33 ,2020
562,Laos, -   , -   , -   , -   , 3 , 2.26 ,2020
563,Turkey, 4 , 0.09 , -   , -   , 8 , 1.75 ,2020
564,Egypt, 6 , 0.34 , -   , -   , 9 , 0.96 ,2020
565,Bangladesh, -   , -   , -   , -   , 9 , 1.19 ,2020
566,Poland, 5 , 0.30 , 2 , 0.27 , 6 , 0.60 ,2020
567,Austria, 1 , 0.04 , -   , -   , 7 , 1.11 ,2020
568,New Zealand, 4 , 0.20 , -   , -   , 15 , 0.92 ,2020
569,Ethiopia, -   , -   , -   , -   , 2 , 0.95 ,2020
570,Mali, -   , -   , -   , -   , 2 , 0.91 ,2020
571,Malta, 1 , 0.60 , -   , -   , 1 , 0.26 ,2020
572,Kazakhstan, 2 , 0.02 , -   , -   , 6 , 0.77 ,2020
573,Venezuela,,,,, 1 , 0.77 ,2020
574,Saudi Arabic, 1 , 0.06 , -   , -   , 3 , 0.71 ,2020
575,Burkina Faso, -   , -   , -   , -   , 3 , 0.65 ,2020
576,Syrian Arab Republic, -   , -   , -   , -   , 4 , 0.65 ,2020
577,Sri Lanka, 2 , 0.13 , -   , -   , 6 , 0.50 ,2020
578,Saint Kitts and Nevis, 1 , 0.02 , -   , -   , 1 , 0.60 ,2020
579,Czech Republic, 1 , 0.10 , 1 , 0.19 , 7 , 0.30 ,2020
580,Grece, -   , -   , -   , -   , 4 , 0.31 ,2020
581,Iran (Islamic Republic of), 1 , 0.02 , -   , -   , 4 , 0.20 ,2020
582,Cu Ba, 1 , 0.20 , -   , -   , -   , -   ,2020
583,Cameroon, 1 , 0.18 , -   , -   , -   , -   ,2020
584,Nauy, 2 , 0.16 , -   , -   , 2 , 0.02 ,2020
585,Latvia, -   , -   , -   , -   , 3 , 0.16 ,2020
586,Trinidad and Tobago, -   , -   , -   , -   , 1 , 0.13 ,2020
587,Albania, -   , -   , -   , -   , 2 , 0.13 ,2020
588,Lithuania, 1 , 0.01 , -   , -   , 4 , 0.12 ,2020
589,Palestine, 1 , 0.04 , -   , -   , 1 , 0.09 ,2020
590,Dominica, 1 , 0.04 , -   , -   , 2 , 0.06 ,2020
591,Vanuatu, -   , -   , -   , -   , 2 , 0.10 ,2020
592,Nepal, -   , -   , -   , -   , 3 , 0.10 ,2020
593,Yemen, 1 , 0.01 , -   , -   , 2 , 0.09 ,2020
594,Sudan, -   , -   , -   , -   , 1 , 0.09 ,2020
595,Jordan, -   , -   , -   , -   , 1 , 0.09 ,2020
596,Slovakia, -   , -   , -   , -   , 3 , 0.08 ,2020
597,Côte d'Ivoire,,,,, 1 , 0.06 ,2020
598,Iraq, 1 , 0.01 , -   , -   , 3 , 0.05 ,2020
599,Belarus, 1 , 0.04 , 1 , 0.01 , -   , -   ,2020
600,Guinea, 1 , 0.01 , -   , -   , 1 , 0.04 ,2020
601,Republic of Moldova, -   , -   , -   , -   , 2 , 0.05 ,2020
602,Chile, 2 , 0.03 , -   , -   , 2 , 0.01 ,2020
603,Hungary, -   , -   , -   , -   , 2 , 0.04 ,2020
604,Turkmenistan, -   , -   , -   , -   , 1 , 0.03 ,2020
605,Rumani, -   , -   , -   , -   , 2 , 0.03 ,2020
606,Argentina, 1 , 0.02 , -   , -   , 1 , 0.00 ,2020
607,Algeria, -   , -   , -   , -   , 1 , 0.02 ,2020
608,Libya, -   , -   , -   , -   , 1 , 0.02 ,2020
609,Bulgaria, -   , -   , -   , -   , 1 , 0.02 ,2020
610,Lebanon, 1 , 0.02 , -   , -   , -   , -   ,2020
611,Liberia, -   , -   , -   , -   , 3 , 0.02 ,2020
612,Mexico, -   , -   , -   , -   , 2 , 0.02 ,2020
613,Serbia, -   , -   , -   , -   , 1 , 0.02 ,2020
614,Colombia, 2 , 0.02 , -   , -   , -   , -   ,2020
615,Litva, -   , -   , -   , -   , 1 , 0.01 ,2020
616,Bahamas, 1 , 0.01 , -   , -   , -   , -   ,2020
617,Lesotho, 1 , 0.01 , -   , -   , -   , -   ,2020
618,Democratic Republic of the Congo, -   , -   , -   , -   , 1 , 0.01 ,2020
619,El Salvador, -   , -   , -   , -   , 1 , 0.01 ,2020
620,Kyrgyzstan, -   , -   , -   , -   , 1 , 0.00003 ,2020
621, Singapore , 221 ," 6,105.13 ", 93 ," 1,238.08 ", 332 ," 3,368.77 ",2021
622,Korea, 361 ," 1,198.94 ", 280 ," 3,162.82 "," 1,301 ", 591.43 ,2021
623,Japan, 199 ," 2,790.27 ", 132 , 859.76 , 209 , 247.45 ,2021
624,China, 204 ," 1,664.35 ", 117 ," 1,047.54 ", 433 , 209.83 ,2021
625,Hongkong, 126 ," 1,672.24 ", 96 , 470.07 , 80 , 173.46 ,2021
626,Taiwan, 63 , 284.85 , 61 , 805.39 , 209 , 161.75 ,2021
627,Neitherland, 24 , 119.44 , 16 , 186.55 , 32 , 816.34 ,2021
628,The United States of America, 77 , 398.40 , 23 , 255.48 , 160 , 84.78 ,2021
629, BritishVirginIslands , 27 , 219.80 , 23 , 197.03 , 17 , 152.72 ,2021
630, Cayman Islands , 7 , 15.20 , 6 , 38.84 , 14 , 377.23 ,2021
631,Thailand, 35 , 199.43 , 20 , 4.25 , 37 , 146.06 ,2021
632,United Kingdom, 48 , 53.25 , 13 , 120.62 , 84 , 129.13 ,2021
633, Samoa , 15 , 80.70 , 15 , 184.08 , 8 , 12.78 ,2021
634,Switzerland, 12 , 11.45 , 3 , 137.18 , 15 , 22.10 ,2021
635, Seychelles , 17 , 93.62 , 11 , 39.19 , 9 , 20.03 ,2021
636, Malaysia , 20 , 23.19 , 11 , 40.24 , 60 , 79.41 ,2021
637,Germany, 34 , 85.66 , 12 , 20.93 , 53 , 19.42 ,2021
638,Turkey, 3 , 0.32 , 1 , 82.70 , 16 , 2.73 ,2021
639, Australia , 35 , 38.58 , 9 , (5.88), 94 , 32.54 ,2021
640, Canada , 20 , 15.86 , 3 , 1.72 , 60 , 44.78 ,2021
641, Philippines , 6 , 54.75 , -   , -   , 22 , 6.68 ,2021
642, Bermuda , -   , -   , 1 , 49.80 , -   , -   ,2021
643,Denmark, 6 , 13.49 , 2 , 24.62 , 16 , 9.19 ,2021
644,France, 31 , 2.19 , 10 , 11.79 , 119 , 25.24 ,2021
645, Kenya , -   , -   , -   , -   , 1 , 29.97 ,2021
646, United States Virgin Islands , 1 , 27.50 , 1 , 1.76 , -   , -   ,2021
647,India, 26 , 5.51 , 7 , 6.62 , 60 , 7.02 ,2021
648, Afghanistan , -   , -   , -   , -   , 12 , 18.19 ,2021
649,Belgium, 5 , 0.59 , -   , -   , 16 , 16.19 ,2021
650, Belarus , -   , -   , 1 , 15.99 , 3 , 0.05 ,2021
651, Ireland , 6 , 0.66 , -   , -   , 9 , 13.18 ,2021
652, Israel , 6 , 1.39 , 2 , 9.90 , 12 , 1.84 ,2021
653, Italia , 16 , 6.97 , 2 , 4.20 , 19 , 1.27 ,2021
654, Macao , 1 , 10.87 , 1 , 1.50 , -   , -   ,2021
655,Sweden, 10 , 11.33 , -   , -   , 4 , 0.71 ,2021
656, Belize , 1 , 9.50 , -   , -   , 1 , 1.81 ,2021
657, Anguilla , 1 , 10.000 , -   , -   , -   , -   ,2021
658,Spain, 5 , 0.24 , 2 , 6.49 , 13 , 3.23 ,2021
659, Brunei Darussalam , -   , -   , 1 , (0.26), 1 , 8.66 ,2021
660, Liên bang Nga , 5 , 0.12 , 1 , 0.62 , 59 , 7.38 ,2021
661,Saudi Arabic, 1 , 7.500 , -   , -   , 2 , 0.35 ,2021
662, Nigeria , 2 , 0.03 , -   , -   , 32 , 5.91 ,2021
663, Indonesia , 3 , 0.17 , -   , -   , 9 , 5.49 ,2021
664, Sierra Leone , -   , -   , -   , -   , 1 , 5.17 ,2021
665, Marshall Islands , 1 , 5.000 , -   , -   , -   , -   ,2021
666,Cambodia, 1 , 0.15 , -   , -   , 4 , 4.01 ,2021
667, Luxembourg , 1 , 0.50 , 1 , 3.00 , 3 , 0.61 ,2021
668, Channel Islands , -   , -   , -   , -   , 1 , 3.99 ,2021
669, Hungary , 2 , 2.08 , -   , -   , 4 , 0.18 ,2021
670, Pakistan , 4 , 0.23 , 1 , (0.50), 17 , 2.38 ,2021
671, Yemen , -   , -   , -   , -   , 6 , 2.00 ,2021
672, Panama , -   , -   , 2 , 1.60 , -   , -   ,2021
673,Austria, 2 , 0.28 , -   , -   , 3 , 1.12 ,2021
674, Kazakhstan , 1 , 0.02 , -   , -   , 4 , 1.35 ,2021
675, New Zealand , 4 , 0.18 , -   , -   , 15 , 1.13 ,2021
676, Albania , 1 , 1.24 , -   , -   , -   , -   ,2021
677, Ukraina , -   , -   , -   , -   , 15 , 1.05 ,2021
678, Mauritius ,,, 1 , 1.00 , -   , -   ,2021
679, South Africa , 2 , 0.05 , -   , -   , 9 , 0.84 ,2021
680, Sri Lanka , 1 , 0.20 , -   , -   , 3 , 0.61 ,2021
681, Maroc , 1 , 0.03 , -   , -   , 2 , 0.77 ,2021
682, Uzbekistan , -   , -   , -   , -   , 1 , 0.65 ,2021
683,Czech Republic, 3 , 0.09 , -   , -   , 4 , 0.53 ,2021
684, Uruguay , 1 , 0.04 , -   , -   , 2 , 0.55 ,2021
685, Nauy , 5 , 0.57 , -   , -   , 1 , 0.01 ,2021
686,Egypt, 1 , 0.01 , 1 , 0.03 , 6 , 0.50 ,2021
687, Côte d'Ivoire , -   , -   , -   , -   , 3 , 0.51 ,2021
688,Poland, 2 , 0.09 , -   , -   , 5 , 0.39 ,2021
689,United Arab Emirates, 4 , 0.33 , -   , -   , 1 , 0.13 ,2021
690, Rumani , -   , -   , -   , -   , 2 , 0.47 ,2021
691,Poland, 4 , 0.13 , -   , -   , 4 , 0.32 ,2021
692, Slovakia , 2 , 0.02 , -   , -   , 3 , 0.42 ,2021
693, Guinea Bissau , -   , -   , -   , -   , 2 , 0.42 ,2021
694, Iraq , -   , -   , -   , -   , 1 , 0.39 ,2021
695, Armenia , -   , -   , -   , -   , 4 , 0.32 ,2021
696, Iran (Islamic Republic of) , 1 , 0.01 , -   , -   , 2 , 0.28 ,2021
697, Lithuania , -   , -   , -   , -   , 1 , 0.27 ,2021
698,Grece, 2 , 0.05 , -   , -   , 4 , 0.22 ,2021
699, Libya , -   , -   , -   , -   , 1 , 0.26 ,2021
700, Bangladesh , -   , -   , -   , -   , 2 , 0.23 ,2021
701, Brazil , 1 , 0.02 , -   , -   , 3 , 0.20 ,2021
702, Jordan , -   , -   , -   , -   , 2 , 0.22 ,2021
703, Bulgaria , 2 , 0.04 , -   , -   , 1 , 0.13 ,2021
704, Lebanon , 1 , 0.05 , 1 , 0.11 , -   , -   ,2021
705, Laos , 1 , 0.150 , -   , -   , -   , -   ,2021
706, Liberia , -   , -   , -   , -   , 1 , 0.14 ,2021
707, Myanmar , -   , -   , -   , -   , 2 , 0.14 ,2021
708, Romania , -   , -   , -   , -   , 1 , 0.14 ,2021
709, Cu Ba , 1 , 0.13 , -   , -   , -   , -   ,2021
710, Mongolia , -   , -   , -   , -   , 1 , 0.13 ,2021
711, Syrian Arab Republic , -   , -   , -   , -   , 1 , 0.13 ,2021
712, Mali , -   , -   , -   , -   , 1 , 0.11 ,2021
713, Nepal , 1 , 0.03 , -   , -   , 2 , 0.07 ,2021
714, Nicaragua , -   , -   , -   , -   , 1 , 0.04 ,2021
715, Zimbabwe , -   , -   , -   , -   , 1 , 0.03 ,2021
716, Congo , 1 , 0.02 , -   , -   , -   , -   ,2021
717, Mexico , 1 , 0.022 , -   , -   , -   , -   ,2021
718, Saint Kitts and Nevis , -   , -   , -   , -   , 1 , 0.02 ,2021
719, Argentina , 1 , 0.004 , -   , -   , 2 , 0.01 ,2021
720, Estonia , 1 , 0.01 , -   , -   , -   , -   ,2021
721, Palestine , -   , -   , -   , -   , 1 , 0.004 ,2021
722, Isle of Man , -   , -   , -   , -   , 1 , 0.004 ,2021
723, Tanzania , -   , -   , -   , -   , 1 , 0.004 ,2021
724, Latvia , -   , -   , -   , -   , 2 , 0.003 ,2021
725, Vanuatu , -   , -   , -   , -   , 1 , 0.002 ,2021
726,Republic of Cyprus, 1 , 0.150 , 2 , (10.09), 2 , 4.47 ,2021
727, Singapore , 280 ," 2,120.23 ", 113 ," 2,500.71 ", 376 ," 1,834.07 ",2022
728,Korea, 416 ," 1,118.85 ", 361 ," 2,818.57 "," 1,215 ", 941.59 ,2022
729,Japan, 203 ," 3,388.39 ", 162 ," 1,170.14 ", 216 , 222.86 ,2022
730,China, 283 ," 1,356.53 ", 127 ," 1,002.83 ", 312 , 158.65 ,2022
731,Hongkong, 134 ," 1,101.22 ", 79 , 958.54 , 58 , 164.12 ,2022
732,Taiwan, 86 , 512.80 , 54 , 648.31 , 216 , 190.51 ,2022
733,Denmark, 8 ," 1,320.52 ", 3 , (1.44), 8 , 1.22 ,2022
734,The United States of America, 91 , 531.56 , 22 , 48.11 , 166 , 168.50 ,2022
735,Neitherland, 31 , 43.73 , 8 , 41.55 , 30 , 616.90 ,2022
736, BritishVirginIslands , 25 , 192.72 , 20 , 216.34 , 20 , 197.94 ,2022
737, Samoa , 20 , 98.74 , 17 , 197.04 , 7 , 9.99 ,2022
738, Cayman Islands , 4 , 1.51 , 1 , 96.49 , 19 , 124.61 ,2022
739,Thailand, 37 , 110.06 , 16 , (72.62), 50 , 161.42 ,2022
740, Malaysia , 38 , 9.29 , 7 , 131.29 , 87 , 44.60 ,2022
741, Bermuda , 2 , 180.28 , -   , -   , -   , -   ,2022
742,France, 26 , 38.16 , 12 , 107.99 , 79 , 18.78 ,2022
743,United Kingdom, 53 , 64.33 , 15 , 29.11 , 55 , 41.21 ,2022
744,Germany, 32 , 58.47 , 13 , 48.27 , 33 , 10.34 ,2022
745, Seychelles , 19 , 55.89 , 10 , 23.13 , 14 , 35.12 ,2022
746, Australia , 36 , 7.40 , 8 , 16.53 , 87 , 47.32 ,2022
747, Canada , 14 , 7.44 , 2 , 0.08 , 49 , 49.82 ,2022
748,Sweden, 6 , 37.61 , 1 , 3.00 , 9 , 3.32 ,2022
749, Luxembourg , 4 , 35.02 , 3 , (4.25), 5 , 10.65 ,2022
750,India, 42 , 1.96 , 5 , 23.23 , 61 , 6.58 ,2022
751, Indonesia , 4 , 0.53 , 3 , 25.17 , 4 , 5.44 ,2022
752, Brunei Darussalam , 1 , 5.00 , 3 , 22.55 , 1 , 1.00 ,2022
753,Poland, 3 , 0.01 , 2 , 22.54 , 1 , 0.03 ,2022
754, Liên bang Nga , 12 , 7.64 , 3 , 4.32 , 64 , 8.39 ,2022
755,Cambodia, 2 , 1.01 , -   , -   , 2 , 16.94 ,2022
756,Spain, 5 , 5.94 , 4 , 3.30 , 4 , 6.94 ,2022
757, Philippines , 3 , 0.80 , 1 , 2.00 , 68 , 11.72 ,2022
758, Marshall Islands , 7 , 13.97 , -   , -   , -   , -   ,2022
759, Italia , 10 , 0.39 , 4 , 9.28 , 12 , 1.91 ,2022
760, Nigeria , 1 , 0.12 , -   , -   , 49 , 11.42 ,2022
761,Switzerland, 16 , 4.55 , 5 , 5.87 , 11 , 0.71 ,2022
762, Belize , 2 , 0.23 , 2 , 5.08 , 2 , 1.33 ,2022
763, Mauritius , 2 , 1.05 , 1 , 5.50 , -   , -   ,2022
764, Hungary , 3 , 2.37 , 1 , 3.14 , 1 , 0.06 ,2022
765, United States Virgin Islands , -   , -   , 2 , 3.82 , 1 , 0.95 ,2022
766, New Zealand , 5 , 1.72 , -   , -   , 8 , 1.32 ,2022
767,Austria, 6 , 0.92 , 1 , 0.13 , 5 , 1.82 ,2022
768, Ireland , 9 , 1.37 , 1 , 0.25 , 6 , 1.03 ,2022
769, Pakistan , 3 , 0.95 , 1 , 0.05 , 9 , 1.29 ,2022
770, Laos , -   , -   , -   , -   , 2 , 2.09 ,2022
771,Czech Republic, 2 , 1.12 , 1 , 0.01 , 3 , 0.67 ,2022
772, Ukraina , -   , -   , -   , -   , 9 , 1.68 ,2022
773,Belgium, 1 , 0.84 , 2 , 0.19 , 9 , 0.45 ,2022
774,Poland, 2 , 0.06 , 1 , 0.56 , 3 , 0.79 ,2022
775, Sri Lanka , 1 , 0.01 , -   , -   , 8 , 1.15 ,2022
776, Afghanistan , 2 , 0.04 , -   , -   , 2 , 1.10 ,2022
777, Yemen , -   , -   , 1 , 0.09 , 3 , 1.00 ,2022
778,Republic of Cyprus, 3 , 0.42 , 1 , 0.24 , 5 , 0.37 ,2022
779, South Africa , 3 , 0.16 , -   , -   , 7 , 0.79 ,2022
780, Saint Kitts and Nevis , -   , -   , -   , -   , 3 , 0.91 ,2022
781, Cu Ba , -   , -   , -   , -   , 3 , 0.90 ,2022
782,Turkey, 5 , 0.37 , 3 , 0.03 , 20 , 0.45 ,2022
783, Syrian Arab Republic , -   , -   , -   , -   , 3 , 0.83 ,2022
784, Israel , 1 , 0.04 , 1 , 0.20 , 6 , 0.52 ,2022
785,United Arab Emirates, 2 , 0.27 , 1 , 0.25 , 2 , 0.22 ,2022
786,Egypt, 1 , 0.05 , -   , -   , 2 , 0.67 ,2022
787, Côte d'Ivoire , -   , -   , -   , -   , 2 , 0.69 ,2022
788, Bangladesh , 1 , 0.05 , -   , -   , 4 , 0.58 ,2022
789, Nauy , 4 , 0.26 , -   , -   , 4 , 0.29 ,2022
790, Kazakhstan , -   , -   , -   , -   , 5 , 0.55 ,2022
791, Saint Vincent and the Grenadines , -   , -   , -   , -   , 1 , 0.45 ,2022
792, Bahamas , -   , -   , -   , -   , 1 , 0.42 ,2022
793, Burundi , -   , -   , -   , -   , 1 , 0.38 ,2022
794, Vanuatu , -   , -   , -   , -   , 3 , 0.36 ,2022
795, Iran (Islamic Republic of) , 2 , 0.03 , 1 , 0.02 , 3 , 0.31 ,2022
796, Sudan , -   , -   , -   , -   , 1 , 0.30 ,2022
797, Latvia , -   , -   , -   , -   , 3 , 0.29 ,2022
798, Burkina Faso , -   , -   , -   , -   , 1 , 0.28 ,2022
799, Guinea , -   , -   , -   , -   , 1 , 0.27 ,2022
800, Armenia , 2 , 0.14 , -   , -   , 1 , 0.13 ,2022
801, Rumani , 1 , 0.13 , 1 , 0.13 , -   , -   ,2022
802, Dominica , -   , -   , -   , -   , 2 , 0.24 ,2022
803, Lebanon , 2 , 0.09 , -   , -   , 1 , 0.13 ,2022
804,Grece, 1 , 0.01 , -   , -   , 1 , 0.21 ,2022
805, Macao , -   , -   , -   , -   , 1 , 0.21 ,2022
806, Algeria , -   , -   , -   , -   , 2 , 0.19 ,2022
807, Bulgaria , 3 , 0.18 , -   , -   , -   , -   ,2022
808, Grenada , 1 , 0.15 , -   , -   , -   , -   ,2022
809,Portugal, -   , -   , -   , -   , 2 , 0.14 ,2022
810, Antigua and Barbuda , -   , -   , 1 , 0.14 , -   , -   ,2022
811, Libya , 1 , 0.13 , -   , -   , -   , -   ,2022
812, Colombia , -   , -   , -   , -   , 1 , 0.13 ,2022
813, Venezuela , 1 , 0.02 , -   , -   , 1 , 0.11 ,2022
814, Myanmar , 2 , 0.11 , -   , -   , -   , -   ,2022
815, Ethiopia , -   , -   , -   , -   , 1 , 0.11 ,2022
816, Malta , 1 , 0.10 , -   , -   , -   , -   ,2022
817, Chile , -   , -   , -   , -   , 1 , 0.09 ,2022
818, Lithuania , 1 , 0.08 , -   , -   , -   , -   ,2022
819, Belarus , -   , -   , -   , -   , 2 , 0.07 ,2022
820, Uganda , 1 , 0.05 , -   , -   , -   , -   ,2022
821, Albania , -   , -   , -   , -   , 1 , 0.05 ,2022
822, Jordan , 1 , 0.04 , -   , -   , -   , -   ,2022
823, Kyrgyzstan , -   , -   , -   , -   , 1 , 0.03 ,2022
824, Tunisia , -   , -   , -   , -   , 1 , 0.03 ,2022
825, Brazil , 1 , 0.02 , -   , -   , 1 , 0.01 ,2022
826, Iceland , -   , -   , -   , -   , 1 , 0.01 ,2022
827, Argentina , 1 , 0.01 , -   , -   , -   , -   ,2022
828, Nepal , -   , -   , -   , -   , 1 , 0.01 ,2022
829, Djibouti , -   , -   , -   , -   , 1 , 0.01 ,2022
830, Estonia , -   , -   , -   , -   , 1 , 0.01 ,2022
831, Republic of Moldova , 1 , 0.01 , -   , -   , -   , -   ,2022
832, Cameroon , 1 , 0.01 , -   , -   , -   , -   ,2022
833, Isle of Man , -   , -   , -   , -   , 1 , 0.004 ,2022
834, Slovenia , -   , -   , -   , -   , 1 , 0.004 ,2022
